sample_id,split,method,mae_bpm,rmse_bpm,pearson_r,bias_bpm,snr_db,n_windows
ubfc_d1_10-gt_vid_3440368f,train,green,3.0702767005333533,3.874516511176002,-0.48030844520125354,-2.6028049175555887,1.4719479450204218,13
ubfc_d1_10-gt_vid_3440368f,train,chrom,18.605658311110275,18.907286991852487,-0.5702772273948973,-18.605658311110275,-8.73273723616907,13
ubfc_d1_10-gt_vid_3440368f,train,pos,3.0702767005333533,3.874516511176002,-0.48030844520125354,-2.6028049175555887,6.198693722626283,13
ubfc_d1_11-gt_vid_97458e9b,train,green,1.3006607280817588,1.5170529065019527,0.7228261509868545,-0.8117160259333213,-3.861708262539624,50
ubfc_d1_11-gt_vid_97458e9b,train,chrom,32.097305320366914,32.3062753475276,-0.31671652936835903,-32.097305320366914,-8.82070417832208,50
ubfc_d1_11-gt_vid_97458e9b,train,pos,1.3395462261286337,1.5424767294327852,0.7317145779411611,-0.89173036919504,2.9305999577692514,50
ubfc_d1_12-gt_vid-040_eddd5a70,test,green,10.40778264459574,17.611451585061737,0.7552970544913813,-9.909507751464844,-3.344616153639812,53
ubfc_d1_12-gt_vid-040_eddd5a70,test,chrom,47.84080800470316,48.10846645854727,-0.31743996612946757,-47.84080800470316,-11.560582744562689,53
ubfc_d1_12-gt_vid-040_eddd5a70,test,pos,1.7701820517485995,2.114188333073158,0.5291670189262248,-0.6248325851728331,2.5484462235658967,53
ubfc_d1_5-gt_vid-049_a22d895e,train,green,3.5400736773455583,9.38528650138608,-0.2447977880722919,-2.5605877063892506,-6.756138596479966,54
ubfc_d1_5-gt_vid-049_a22d895e,train,chrom,28.56523068745931,29.37508342996004,-0.17242962464244532,-28.56523068745931,-8.714267553808497,54
ubfc_d1_5-gt_vid-049_a22d895e,train,pos,0.9485658716272425,1.5074622683859402,0.8870844203908865,-0.18979404590747975,3.1101258474388365,54
ubfc_d1_6-gt_vid-045_d5d05981,train,green,2.888085419276975,4.318671288804481,0.8380289809803836,0.9395697251805719,-3.847921753954617,53
ubfc_d1_6-gt_vid-045_d5d05981,train,chrom,33.5571564728359,35.67791834963212,-0.913690211151832,-33.5571564728359,-13.994826170964483,53
ubfc_d1_6-gt_vid-045_d5d05981,train,pos,3.115262157512161,4.656444245040774,0.8169702738825723,1.3547384873876032,-2.661781833947897,53
ubfc_d1_7-gt_vid-042_ec139516,train,green,1.9805554904117952,2.8147995246755704,0.2507348666955748,0.5829792307170947,-5.796375090063188,52
ubfc_d1_7-gt_vid-042_ec139516,train,chrom,45.73298158001759,46.02978771929501,-0.32351760419477554,-45.73298158001759,-11.243027750268954,52
ubfc_d1_7-gt_vid-042_ec139516,train,pos,1.5593325102059659,2.0918834508611743,0.5519254834102421,0.35216862515444447,4.788010735604226,52
ubfc_d1_8-gt_vid_c4e9d008,val,green,6.198205992232921,6.811647740162968,0.5504661124839932,-6.198205992232921,-4.0688012158645845,43
ubfc_d1_8-gt_vid_c4e9d008,val,chrom,12.24579735689385,13.202147239033868,0.33182832412585533,-12.24579735689385,-8.95536444764383,43
ubfc_d1_8-gt_vid_c4e9d008,val,pos,6.151685847792515,6.610718539768949,0.6879000105235927,-6.151685847792515,-2.0235726590291976,43
ubfc_d2_subject1_vid_f522da8f,train,green,2.091991106669108,2.6679789848622972,0.6906411121496516,-1.8427642186482747,0.5970280698900264,24
ubfc_d2_subject1_vid_f522da8f,train,chrom,62.504119555155434,62.6306385375558,-0.4304736639884822,-62.504119555155434,-12.512997047843346,24
ubfc_d2_subject1_vid_f522da8f,train,pos,2.091991106669108,2.6679789848622972,0.6906411121496516,-1.8427642186482747,1.2134978273842656,24
ubfc_d2_subject10_vid_142da79b,train,green,1.616718233619122,2.19339598851964,0.9441609992703102,0.5602471280686062,-3.629345799344439,38
ubfc_d2_subject10_vid_142da79b,train,chrom,71.56629802509751,71.9467636635501,-0.4694903731945676,-71.56629802509751,-16.78397619620951,38
ubfc_d2_subject10_vid_142da79b,train,pos,2.0938513320206433,3.045139993152315,0.921315720936565,1.1920127948295025,-0.8537451062949307,38
ubfc_d2_subject11_vid_86a002c4,val,green,29.613912307068777,45.50435530937984,0.7108865291912502,18.487623313780404,-9.328187777772099,39
ubfc_d2_subject11_vid_86a002c4,val,chrom,64.33489642874514,66.03781883016376,0.196419413547217,-32.231536130392776,-14.82178768661148,39
ubfc_d2_subject11_vid_86a002c4,val,pos,46.69170092902015,75.6136074849753,-0.5461698912632507,45.975458244200325,-16.856317789215503,39
ubfc_d2_subject12_vid_22a0cc54,train,green,2.21330075386243,2.3718528552745464,0.6977613397333488,-2.21330075386243,-3.7198547860752784,39
ubfc_d2_subject12_vid_22a0cc54,train,chrom,14.314344259408804,15.852649109527325,0.41068670872275437,-14.314344259408804,-9.315179651865025,39
ubfc_d2_subject12_vid_22a0cc54,train,pos,2.0594737713153544,2.2606172443869785,0.6724853370675073,-2.0594737713153544,2.9588703374625434,39
ubfc_d2_subject13_vid_d1a4a1e1,train,green,1.501321913812828,1.7960056235492319,0.9276264854060239,-0.015055183869120987,-4.35953500120994,38
ubfc_d2_subject13_vid_d1a4a1e1,train,chrom,60.15336677075106,60.46170932824925,0.3431741617763855,-60.15336677075106,-17.334612163352595,38
ubfc_d2_subject13_vid_d1a4a1e1,train,pos,1.6046321474811052,1.936898505596499,0.9135767426614849,-0.015055384642661283,0.1448861192584428,38
ubfc_d2_subject14_vid_ff644389,train,green,6.694989442654,7.9190194918160115,-0.21901515939653587,-2.084860229713478,-4.6229230212874395,39
ubfc_d2_subject14_vid_ff644389,train,chrom,24.9608051986951,25.2964060798023,-0.2762196492533082,-24.9608051986951,-11.026296687680526,39
ubfc_d2_subject14_vid_ff644389,train,pos,5.102909106303339,6.470144013207301,-0.07861079296469815,-2.8542289149223117,-1.9597625776178322,39
ubfc_d2_subject15_vid_dfd0e028,test,green,1.7907734503144943,2.2043396904485575,0.8714973688389895,-1.5862040854656045,-4.059684396821923,38
ubfc_d2_subject15_vid_dfd0e028,test,chrom,71.09029083087835,71.18307734979993,-0.6258146257753372,-71.09029083087835,-14.44532701738737,38
ubfc_d2_subject15_vid_dfd0e028,test,pos,2.217580653105407,2.745190940946089,0.8512533437042284,-2.217580653105407,0.7522673240274147,38
ubfc_d2_subject16_vid_31372d96,train,green,1.2278373849764284,1.644396996826535,0.6381955537942112,-0.1431507156044307,1.9956647819439817,39
ubfc_d2_subject16_vid_31372d96,train,chrom,48.4484283199276,48.46579757134811,0.6570494253693919,-48.4484283199276,-11.265171558955052,39
ubfc_d2_subject16_vid_31372d96,train,pos,1.2791168931269692,1.7057626608271026,0.6301017575322758,-0.19443022375497157,4.2027755124042585,39
ubfc_d2_subject17_vid_92b16a96,test,green,1.7919429849197985,2.613509707425242,0.012913471908362992,-0.6136929410996864,3.214655075664728,39
ubfc_d2_subject17_vid_92b16a96,test,chrom,41.58738639750493,41.61115058354899,0.3835826519772151,-41.58738639750493,-14.473845556379136,39
ubfc_d2_subject17_vid_92b16a96,test,pos,1.9969937223496863,2.7660551039858947,0.043215717044257515,-0.664974601130736,2.4849664584762943,39
ubfc_d2_subject18_vid_6444425c,train,green,28.845874880645713,51.225966614143964,-0.09931671359813427,1.5326455441100102,-10.853618093908663,39
ubfc_d2_subject18_vid_6444425c,train,chrom,68.50449087326514,69.24109410640192,0.3264919430104004,-57.00863075186981,-13.525170596459946,39
ubfc_d2_subject18_vid_6444425c,train,pos,17.471757347279826,44.76064527944911,-0.28664179462796324,16.462978217011653,-5.992124784357166,39
ubfc_d2_subject20_vid_ed92eefb,train,green,110.33572724174935,118.03208789626648,-0.23937664072815315,110.23292717364697,-12.78406402072104,38
ubfc_d2_subject20_vid_ed92eefb,train,chrom,45.214656078772634,47.55313857467259,0.22691433800631353,23.53261551288037,-3.293915145036457,38
ubfc_d2_subject20_vid_ed92eefb,train,pos,110.59769314397745,118.31232773308854,-0.3486126855403268,110.44349304182388,-24.427972433545435,38
ubfc_d2_subject22_vid_6705444e,train,green,2.22921569062385,2.8856551061902285,0.8433171367360301,0.1128353002558403,-0.8991113145548488,38
ubfc_d2_subject22_vid_6705444e,train,chrom,54.17376772387553,54.40800814466574,0.31545953428974616,-54.17376772387553,-11.479389813002642,38
ubfc_d2_subject22_vid_6705444e,train,pos,2.54217686744591,3.3992394341895005,0.7758192140944576,0.4284551202985007,-1.3725428754924809,38
ubfc_d2_subject23_vid_f6fa880d,train,green,2.238947918540553,2.934667665999712,0.5573894989669955,0.6099699923866674,1.3851774707272413,38
ubfc_d2_subject23_vid_f6fa880d,train,chrom,4.552448975412469,6.143660444012169,0.22356991373553836,-2.600804278725072,-4.871115930249682,38
ubfc_d2_subject23_vid_f6fa880d,train,pos,3.1868768993176912,3.985765946963154,0.4484610271273658,1.6626824830707752,2.0490476062093936,38
ubfc_d2_subject24_vid_faa70e63,train,green,47.97952943629311,72.91099711225195,-0.5942035255250397,40.50895665936064,-11.90719262954941,39
ubfc_d2_subject24_vid_faa70e63,train,chrom,54.95780238025426,56.415587068047564,0.59802000162604,-26.776409888052715,-12.067737318227342,39
ubfc_d2_subject24_vid_faa70e63,train,pos,47.41539870211843,72.20128964583587,-0.566535643416581,39.84225673635884,-15.473670248388578,39
ubfc_d2_subject25_vid_590cd5ec,train,green,2.2373960090406015,2.8542707902639224,-0.025759043700936117,-1.8526063398881392,1.6591683291406112,33
ubfc_d2_subject25_vid_590cd5ec,train,chrom,34.528821193810664,39.34504336597117,0.3876866424821025,-34.528821193810664,-9.592142692809247,33
ubfc_d2_subject25_vid_590cd5ec,train,pos,2.057154337565104,2.7256024036742525,-0.0057242319335413586,-1.6707347523082385,3.077138545896285,33
ubfc_d2_subject26_vid_f9ef9532,val,green,3.831787562944513,4.98200861361067,0.2380266666585511,0.07334465697353047,-1.6122549796399173,35
ubfc_d2_subject26_vid_f9ef9532,val,chrom,27.48636243967128,28.516759060473888,-0.536558650835986,-26.452142207388913,-8.916104190766102,35
ubfc_d2_subject26_vid_f9ef9532,val,pos,1.9245252160733446,2.561355833656718,0.24397361381467125,1.3881862271465215,2.525365988746599,35
ubfc_d2_subject27_vid_96005bba,train,green,17.479611307463788,21.349365799210823,0.8901129616258083,-17.417565733275556,-4.156609293414251,32
ubfc_d2_subject27_vid_96005bba,train,chrom,44.165452390990396,44.775977314982114,-0.8465362444066713,-44.165452390990396,-13.05140075339214,32
ubfc_d2_subject27_vid_96005bba,train,pos,4.21489736429677,5.650962466596547,0.5369266003164778,-2.731228143057966,-2.2371754871717915,32
ubfc_d2_subject3_vid_ec56752d,val,green,14.277125450872607,15.845110183773597,0.16082392270449386,-14.277125450872607,-7.648592223991761,31
ubfc_d2_subject3_vid_ec56752d,val,chrom,52.231795772429436,52.26388074059769,0.6078640912250498,-52.231795772429436,-13.366458327787246,31
ubfc_d2_subject3_vid_ec56752d,val,pos,12.469760033392138,14.017573049747579,0.13339096704521594,-12.469760033392138,-6.709055747023822,31
ubfc_d2_subject30_vid_939ba08a,train,green,4.751209037253872,8.378262895255485,0.3114429845914045,-0.5701665586419954,-2.438301315438544,38
ubfc_d2_subject30_vid_939ba08a,train,chrom,52.43905862599911,52.911346903874225,0.14462008236645496,-52.43905862599911,-12.767490933488903,38
ubfc_d2_subject30_vid_939ba08a,train,pos,3.365226135861397,5.710553158152165,0.5083734136495868,1.167573707053677,0.7196429127520068,38
ubfc_d2_subject31_vid_db460d0a,train,green,2.065275894968133,2.663360003270086,0.10508543282391924,0.06307541696648848,3.412985793223001,38
ubfc_d2_subject31_vid_db460d0a,train,chrom,27.60622195193642,28.117302334746483,0.04324774558985234,-27.60622195193642,-10.856282572299929,38
ubfc_d2_subject31_vid_db460d0a,train,pos,1.8001899719238281,2.1150176643312775,0.23718325276392593,-0.042131323563425166,7.57313539952824,38
ubfc_d2_subject32_vid_b3cec888,val,green,6.8056407967111285,15.055101424071715,0.8428817319875492,-4.837274969445812,-11.059821829240486,38
ubfc_d2_subject32_vid_b3cec888,val,chrom,60.91860311050769,61.63715311842378,-0.2717579874506144,-60.91860311050769,-18.545137025035423,38
ubfc_d2_subject32_vid_b3cec888,val,pos,2.4181576613942886,3.29970126922963,0.9364843677605552,0.9551626341533348,-5.937579474154715,38
ubfc_d2_subject33_vid_44aee0f1,train,green,3.1035122904115418,3.600019982217636,0.6469412901327886,-2.7228469759083365,-0.46831275975261644,39
ubfc_d2_subject33_vid_44aee0f1,train,chrom,69.8342008256617,70.1835346828757,-0.6188455200783831,-69.8342008256617,-12.065414347536105,39
ubfc_d2_subject33_vid_44aee0f1,train,pos,2.8017687585731004,3.5050931320920045,0.5651251132820208,-2.414996015934879,1.3136643161097683,39
ubfc_d2_subject34_vid_aed2f62a,train,green,1.3202012125807743,1.7108157714238643,0.5519847103959582,-0.32598723517067113,-1.2625360392569136,38
ubfc_d2_subject34_vid_aed2f62a,train,chrom,68.39911437943208,68.58949911632985,-0.48955067810887354,-68.39911437943208,-12.475661831698869,38
ubfc_d2_subject34_vid_aed2f62a,train,pos,1.3691237011447135,1.737050560931093,0.5498081409783278,-0.5365769953988784,6.541859506478394,38
ubfc_d2_subject35_vid_d7b63504,train,green,3.038969766561785,4.306245233615421,0.9190538172408242,1.417732427444197,-4.581426324519134,39
ubfc_d2_subject35_vid_d7b63504,train,chrom,16.651555777433607,29.711716547648358,0.458517497286139,-14.63677587959707,-10.313118423149174,39
ubfc_d2_subject35_vid_d7b63504,train,pos,2.986667332667554,4.140884700094983,0.9241535453063041,1.2638553647689166,-4.740553796802638,39
ubfc_d2_subject36_vid_7beac57a,train,green,2.5108053618002053,3.314900545779134,0.11064887533573514,-0.6923360452687549,-1.183249987828123,39
ubfc_d2_subject36_vid_7beac57a,train,chrom,77.37598016883521,77.57523184139312,0.09462341348535643,-77.37598016883521,-15.142964228078391,39
ubfc_d2_subject36_vid_7beac57a,train,pos,2.2002854831193157,2.8102150789056974,0.491208281633856,-0.9488030330742436,2.127555606849178,39
ubfc_d2_subject37_vid_4b033dba,train,green,8.28890202921394,9.121711330844716,-0.20563408977193146,-8.28890202921394,-3.9701001707033727,38
ubfc_d2_subject37_vid_4b033dba,train,chrom,15.707639440712963,16.27121570508536,0.022535505124517644,-15.707639440712963,-6.7442249749980965,38
ubfc_d2_subject37_vid_4b033dba,train,pos,8.499362692055737,9.33308589958131,-0.23041118730524066,-8.499362692055737,-3.6986762183127637,38
ubfc_d2_subject38_vid_80a9ce44,train,green,1.718954819899339,2.7730634429175254,0.660659840402421,-1.0745362501878004,3.287894178634711,39
ubfc_d2_subject38_vid_80a9ce44,train,chrom,60.02240968361879,61.736867152186505,-0.17076633722890378,-60.02240968361879,-11.817837435285977,39
ubfc_d2_subject38_vid_80a9ce44,train,pos,1.6087904710036058,2.555791693268251,0.6912338134609716,-0.7669822497245593,5.629339354056915,39
ubfc_d2_subject39_vid_eed2a37c,train,green,1.6882422031500401,2.0878559780326813,0.4583681462651379,-1.5383472931690705,3.74559218441863,39
ubfc_d2_subject39_vid_eed2a37c,train,chrom,38.962889842497994,39.05352645058975,-0.13969320720685738,-38.962889842497994,-10.74125348087666,39
ubfc_d2_subject39_vid_eed2a37c,train,pos,1.6882422031500401,2.0878559780326813,0.4583681462651379,-1.5383472931690705,5.231361630682128,39
ubfc_d2_subject4_vid_46266333,train,green,4.990623922909007,6.132486785633849,-0.26499195941519377,-3.3189329259535847,-1.3815425498350034,17
ubfc_d2_subject4_vid_46266333,train,chrom,66.98612123377183,67.00982528959977,0.7398405231107087,-66.98612123377183,-14.451855549483753,17
ubfc_d2_subject4_vid_46266333,train,pos,4.406368928797105,6.040671415750986,0.012438057331595191,-2.495141870835248,-0.7968655388222922,17
ubfc_d2_subject40_vid_15e62326,test,green,1.7302101000942176,2.069680586640786,0.39320940579781344,-1.3733877348855417,0.46752716217412926,38
ubfc_d2_subject40_vid_15e62326,test,chrom,39.880408885976465,40.19414986594315,-0.43906715217921793,-39.880408885976465,-11.32258120320412,38
ubfc_d2_subject40_vid_15e62326,test,pos,1.7782285054062037,2.1434830681656125,0.24611888884213862,-1.320782457271952,1.8425248958442262,38
ubfc_d2_subject41_vid_48605054,train,green,24.812180683257544,32.86406232592544,-0.6757216729645024,-24.312910757626536,-6.765431723031465,39
ubfc_d2_subject41_vid_48605054,train,chrom,56.81338788822299,56.90829304798018,0.1507349015263138,-56.81338788822299,-17.840132488341865,39
ubfc_d2_subject41_vid_48605054,train,pos,2.205958287118159,2.7297246814233818,0.7662305265218454,-1.3472757024757953,1.4363474757772143,39
ubfc_d2_subject42_vid_d6f3cefa,train,green,1.8691154978739972,2.825243094892873,0.886095492328658,0.9780718593022824,1.911849458802062,39
ubfc_d2_subject42_vid_d6f3cefa,train,chrom,45.916705976641474,46.095777626820244,0.3203787445467437,-45.916705976641474,-10.909340341101748,39
ubfc_d2_subject42_vid_d6f3cefa,train,pos,1.920422589220151,3.0528939650657985,0.9158007354116009,1.0293789506484363,3.6834982927115894,39
ubfc_d2_subject43_vid_db0cb8aa,train,green,8.341209427974787,15.35559915742446,0.3969220620760938,-7.571793564312872,-3.789806830915778,39
ubfc_d2_subject43_vid_db0cb8aa,train,chrom,52.66227211906297,52.78556487038177,0.08607967711775806,-52.66227211906297,-11.68221786472124,39
ubfc_d2_subject43_vid_db0cb8aa,train,pos,3.6466543572065016,5.019137593501548,-0.41489114751439227,-1.159609851622567,1.9078132604756106,39
ubfc_d2_subject44_vid_66b401c5,train,green,5.242535038998253,6.5683297780081285,-0.04582965319105459,-1.2223914297003495,-2.0971591939632086,38
ubfc_d2_subject44_vid_66b401c5,train,chrom,36.732070320530944,37.26588580335776,-0.5349558372370465,-36.732070320530944,-13.263688872403364,38
ubfc_d2_subject44_vid_66b401c5,train,pos,5.602821952418277,6.666753039045803,-0.08634068115558242,-0.3806804857755962,-1.2078369387842736,38
ubfc_d2_subject45_vid_73224054,train,green,2.697604257477022,3.895020309741975,0.24405680722417614,0.6251420193784467,-0.37153879670490303,38
ubfc_d2_subject45_vid_73224054,train,chrom,63.18280534020857,63.36942951112193,0.14310400112286734,-63.18280534020857,-12.802339839977021,38
ubfc_d2_subject45_vid_73224054,train,pos,2.2305654503609653,3.3660531669358176,0.38134479103363844,0.20431445493817116,2.4602001247450307,38
ubfc_d2_subject46_vid_06a95e8a,train,green,4.08570560526551,4.325585760490629,0.9405963196997207,-4.08570560526551,-5.884640624431875,39
ubfc_d2_subject46_vid_06a95e8a,train,chrom,44.15384050000334,44.537209928272,-0.04049481661809677,-44.15384050000334,-11.539733833028311,39
ubfc_d2_subject46_vid_06a95e8a,train,pos,3.730787932301267,4.0729185798383085,0.9112873641616365,-3.675276457691892,-1.2272833582918308,39
ubfc_d2_subject47_vid_ac0494f0,train,green,5.953004401307028,10.102517718863021,-0.11209436448429333,-3.837609717110803,-0.8041889684123167,38
ubfc_d2_subject47_vid_ac0494f0,train,chrom,64.65889657110185,64.87236611863008,0.41720726675310377,-64.65889657110185,-15.69018996332126,38
ubfc_d2_subject47_vid_ac0494f0,train,pos,6.479103957677813,10.710148744405306,-0.19829102377542718,-4.36374541271884,1.0367903126163578,38
ubfc_d2_subject48_vid_637c064a,test,green,35.497956646107184,35.955902483305465,0.5630732067146372,-35.497956646107184,-8.68236479525578,38
ubfc_d2_subject48_vid_637c064a,test,chrom,42.919408415484234,42.9502745240071,-0.4199218458501873,-42.919408415484234,-10.671301117868712,38
ubfc_d2_subject48_vid_637c064a,test,pos,0.553176999083126,0.8079531349681467,0.6648021521868236,-0.5487246450535208,2.653708364382017,38
ubfc_d2_subject49_vid_4852bb4f,train,green,14.339265411419124,20.03599025657228,0.1989399993517477,-13.56600933293149,-5.747636507718887,39
ubfc_d2_subject49_vid_4852bb4f,train,chrom,38.14015491899419,38.25289455725996,0.1502433773671886,-38.14015491899419,-11.91880074956595,39
ubfc_d2_subject49_vid_4852bb4f,train,pos,1.8906222894552314,2.2702009496324496,0.6002791318337324,-0.7915574168970851,5.250868412883357,39
ubfc_d2_subject5_vid_f73afbac,train,green,1.1410655146059783,1.391441986910071,0.6829973369948271,-0.7119830587635869,2.472293599996782,23
ubfc_d2_subject5_vid_f73afbac,train,chrom,53.13817231551461,53.17357952793906,0.7005957924433045,-53.13817231551461,-12.021878144737972,23
ubfc_d2_subject5_vid_f73afbac,train,pos,1.1410655146059783,1.391441986910071,0.6829973369948271,-0.7119830587635869,3.786177778351246,23
ubfc_d2_subject8_vid_cf94b659,train,green,2.125475191486123,2.551479723597241,0.3563922824122407,-0.10055282923791366,-1.3451815579895805,38
ubfc_d2_subject8_vid_cf94b659,train,chrom,61.91875028037767,62.16574207260732,-0.26680956017853086,-61.91875028037767,-12.861101896435041,38
ubfc_d2_subject8_vid_cf94b659,train,pos,1.9699614280583886,2.3185839382229827,0.4500122970196005,-0.3636085302427451,5.514345582921875,38
ubfc_d2_subject9_vid_7f8f2cc8,train,green,18.6821336305575,30.473680589131924,-0.41818924458437157,-16.255911883410093,-7.264868446303718,38
ubfc_d2_subject9_vid_7f8f2cc8,train,chrom,66.84570594195887,67.23238898902429,-0.5072915373128967,-66.84570594195887,-16.05826060125375,38
ubfc_d2_subject9_vid_7f8f2cc8,train,pos,5.047631420442372,6.163720055848567,0.23848432771844633,-2.7266957193732924,-4.019132183697497,38
